Score	%_Div	%_Del	%_Ins	Query	Beg.	End.	Length	Sense	Element	Family	Pos_Repeat_Beg	Pos_Repeat_End	Pos_Repeat_Left	ID	Num_Assembled	%_of_Ref

###244	16.1	11.1	0.0	LXWW01000238_1_Blastocystis_Nand_II_sc_34	26623	26703	90	C	ET_52	Unknown	(158)	133	44	2496	1	0.309

###629	19.3	0.0	23.9	LXWW01000238_1_Blastocystis_Nand_II_sc_34	131286	131503	176	+	ET_51	Unknown	2	177	(150)	2517	1	0.538

###1626	10.5	8.5	0.0	LXWW01000238_1_Blastocystis_Nand_II_sc_34	131458	131704	268	+	ET_22	DNA/Transposase	51	318	(0)	2518	1	0.843

###596	10.5	5.3	0.0	LXWW01000238_1_Blastocystis_Nand_II_sc_34	131958	132052	100	+	ET_51	Unknown	228	327	(0)	2517	1	0.306

###1584	6.4	0.0	0.0	LXWW01000238_1_Blastocystis_Nand_II_sc_34	131974	132175	202	+	ET_22	DNA/Transposase	117	318	(0)	2521	1	0.635

###389	17.2	0.0	14.5	LXWW01000238_1_Blastocystis_Nand_II_sc_34	132394	132488	83	+	ET_51	Unknown	90	172	(155)	2522	1	0.254

###1825	9.6	4.6	0.0	LXWW01000238_1_Blastocystis_Nand_II_sc_34	132443	132703	273	+	ET_22	DNA/Transposase	46	318	(0)	2523	1	0.858

###736	11.4	20.1	0.7	LXWW01000238_1_Blastocystis_Nand_II_sc_34	132909	133072	248	+	ET_51	Unknown	80	327	(0)	2524	1	0.758

###1848	7.8	0.0	1.2	LXWW01000238_1_Blastocystis_Nand_II_sc_34	132949	133195	244	+	ET_22	DNA/Transposase	75	318	(0)	2525	1	0.767

###572	14.4	0.0	0.0	LXWW01000238_1_Blastocystis_Nand_II_sc_34	181194	181283	90	+	ET_34	LTR/Gypsy	5900	5989	(1544)	2541	1	No_ref_available

###762	10.3	0.8	0.8	LXWW01000238_1_Blastocystis_Nand_II_sc_34	199075	199191	117	C	ET_34	LTR/Gypsy	(1523)	6010	5894	2544	1	No_ref_available

###742	7.8	0.0	1.0	LXWW01000238_1_Blastocystis_Nand_II_sc_34	199349	199452	103	+	ET_34	LTR/Gypsy	5894	5996	(1537)	2545	1	No_ref_available

###1439/2096	16.014	1.086	0.920	LXWW01000238_1_Blastocystis_Nand_II_sc_34	254506	255175	524	+	ET_26	LINE/R1	1	524	(18)	2562/2563	2	0.967
1439	14.9	2.2	1.8	LXWW01000238_1_Blastocystis_Nand_II_sc_34	254506	254778	274	+	ET_26	LINE/R1	1	274	(268)	2562	1
2096	16.8	0.3	0.3	LXWW01000238_1_Blastocystis_Nand_II_sc_34	254789	255175	387	+	ET_26	LINE/R1	138	524	(18)	2563	1
